﻿<?xml version="1.0" encoding="utf-8" ?> 
<grammar version="1.0" xml:lang="en-US" root="rootRule" tag-format="semantics/1.0-literals" xmlns="http://www.w3.org/2001/06/grammar">
  <rule id="rootRule">
    <one-of> 
      <item>
        <tag>LEFT</tag>
        <one-of>
          <item> turn left </item>
        </one-of>
      </item>
      <item>
        <tag>RIGHT</tag>
        <one-of>
          <item> turn right </item>
        </one-of>
      </item>
    </one-of>
  </rule>
</grammar>